0.999999,0.000000,-0.000000,0.000000
1.000000,-0.000059,0.000147,-0.000214
0.999999,-0.000054,0.000360,-0.000454
1.000000,-0.000260,0.000609,-0.000424
1.000000,-0.000478,0.000455,-0.000512
1.000000,-0.000384,0.000520,-0.000511
0.999999,-0.000519,0.000371,-0.000410
1.000000,-0.000418,0.000488,-0.000403
0.999999,-0.000190,0.000573,-0.000480
1.000000,-0.000032,0.000328,-0.000464
0.999999,-0.000103,0.000725,-0.000618
1.000000,0.000146,0.000577,-0.000582
0.999999,0.000104,0.000628,-0.000570
0.999999,0.000278,0.000400,-0.000273
1.000000,0.000158,0.000416,-0.000209
1.000000,0.000454,0.000742,-0.000417
0.999999,0.000368,0.000899,-0.000448
0.999999,0.000530,0.000869,-0.000359
1.000000,0.000476,0.000785,-0.000423
1.000000,0.000417,0.000788,-0.000359
0.999999,0.000314,0.000939,-0.000254
0.999998,0.000445,0.001145,-0.000110
0.999999,0.000543,0.001310,-0.000077
0.999998,0.000415,0.001233,0.000049
0.999999,0.000414,0.000933,0.000388
0.999999,0.000581,0.001018,0.000379
0.999999,0.000658,0.001291,0.000311
0.999998,0.000542,0.001388,0.000273
0.999999,0.000572,0.001436,0.000281
0.999999,0.000680,0.001569,0.000209
0.999999,0.000982,0.001377,0.000329
0.999999,0.000861,0.001108,0.000477
1.000000,0.000548,0.000907,0.000724
0.999998,0.000657,0.000946,0.000675
0.999998,0.000563,0.001208,0.000503
0.999999,0.000422,0.001125,0.000593
0.999999,0.000404,0.001058,0.000474
0.999999,0.000511,0.001148,0.000206
0.999999,0.000616,0.001362,-0.000146
0.999999,0.000383,0.001116,-0.000212
0.999999,0.000673,0.001006,-0.000419
0.999999,0.000993,0.000593,-0.000587
0.999999,0.001059,0.000333,-0.000563
0.999999,0.001017,0.000052,-0.000322
0.999999,0.000997,0.000276,-0.000497
0.999999,0.000626,0.000211,-0.000441
0.999999,0.000261,0.000360,-0.000455
1.000000,-0.000237,0.000197,-0.000258
0.999999,-0.000446,0.000507,-0.000477
0.999999,-0.001228,0.000161,0.000002
0.999998,-0.001329,0.000329,0.000022
0.999999,-0.000941,0.000516,-0.000040
0.999998,-0.000767,0.000624,-0.000030
0.999999,-0.000745,0.000409,-0.000087
0.999999,-0.000708,0.000493,-0.000041
0.999999,-0.000377,0.000787,-0.000005
0.999999,-0.000289,0.001111,-0.000158
0.999999,-0.000697,0.001033,0.000002
0.999999,-0.000841,0.001219,0.000090
0.999998,-0.000853,0.001500,0.000054
0.999998,-0.000647,0.001286,0.000221
0.999998,-0.000620,0.001188,0.000488
0.999999,-0.000430,0.001132,0.000631
0.999999,-0.000570,0.001192,0.000674
0.999999,-0.000763,0.001291,0.000847
0.999997,-0.001222,0.001557,0.000812
0.999997,-0.001425,0.001519,0.000832
0.999998,-0.001308,0.001356,0.000714
0.999998,-0.000895,0.001043,0.000775
0.999998,-0.000576,0.001108,0.000515
0.999999,-0.000399,0.001082,0.000328
1.000000,-0.000347,0.001171,0.000120
0.999998,-0.000316,0.001124,0.000015
0.999999,-0.000605,0.001004,0.000195
0.999999,-0.001108,0.000808,0.000394
0.999999,-0.001298,0.000753,0.000500
0.999998,-0.001592,0.000946,0.000804
0.999997,-0.001642,0.000996,0.000731
0.999998,-0.001716,0.000905,0.000828
0.999998,-0.001668,0.000940,0.000654
0.999998,-0.001662,0.000880,0.000598
0.999997,-0.001570,0.001003,0.000451
0.999998,-0.001620,0.001090,0.000352
0.999998,-0.001840,0.001022,0.000181
0.999997,-0.002068,0.001008,0.000140
0.999997,-0.001822,0.001235,0.000001
0.999998,-0.001714,0.001130,0.000252
0.999998,-0.001906,0.000852,0.000333
0.999998,-0.001871,0.000968,0.000243
0.999997,-0.001690,0.000939,0.000126
0.999998,-0.001627,0.000722,0.000133
0.999997,-0.001818,0.000630,-0.000017
0.999997,-0.002077,0.000595,-0.000147
0.999997,-0.002038,0.000579,-0.000119
0.999998,-0.002060,0.000646,0.000041
0.999997,-0.002024,0.000511,0.000329
0.999997,-0.002062,0.000537,0.000537
0.999997,-0.001901,0.000549,0.000502
0.999999,-0.001521,0.000404,0.000335
0.999998,-0.001524,0.000490,0.000376
0.999998,-0.001424,0.000430,0.000366
0.999999,-0.001387,0.000492,0.000185
0.999999,-0.001324,0.000373,0.000125
1.000000,-0.001046,0.000249,0.000189
0.999999,-0.001180,0.000014,0.000165
0.999998,-0.001509,-0.000288,0.000452
0.999998,-0.001507,-0.000437,0.000460
0.999998,-0.001221,-0.000561,0.000731
0.999998,-0.001092,-0.001063,0.001143
0.999998,-0.000592,-0.001372,0.001291
0.999998,-0.000099,-0.001879,0.001409
0.999997,0.000514,-0.002058,0.001560
0.999994,0.001093,-0.002386,0.001693
0.999992,0.001164,-0.003217,0.002137
0.999988,0.001341,-0.003906,0.002487
0.999984,0.001791,-0.004563,0.002565
0.999978,0.001457,-0.005593,0.003008
0.999970,0.001859,-0.006777,0.003323
0.999961,0.002520,-0.007781,0.003365
0.999952,0.002222,-0.008728,0.003629
0.999939,0.002652,-0.009936,0.003937
0.999927,0.003363,-0.010798,0.004012
0.999923,0.003107,-0.011268,0.004154
0.999922,0.003306,-0.011346,0.004017
0.999927,0.002380,-0.011231,0.003870
0.999927,0.001266,-0.011439,0.003530
0.999923,0.000777,-0.011962,0.003376
0.999905,-0.000536,-0.013219,0.003728
0.999895,-0.000830,-0.013973,0.003812
0.999879,-0.000556,-0.014945,0.004009
0.999866,-0.000684,-0.015827,0.004131
0.999854,-0.000369,-0.016509,0.004242
0.999842,-0.000065,-0.017307,0.004165
0.999817,0.000203,-0.018620,0.004417
0.999789,0.000651,-0.019929,0.004786
0.999760,0.001543,-0.021233,0.005184
0.999723,0.002095,-0.022682,0.005795
0.999674,0.003393,-0.024538,0.006195
0.999594,0.005512,-0.027063,0.006795
0.999505,0.006971,-0.029773,0.007433
0.999399,0.009508,-0.032398,0.007823
0.999238,0.012747,-0.035887,0.008537
0.999084,0.014999,-0.039047,0.008943
0.998892,0.017652,-0.042557,0.009575
0.998688,0.018789,-0.046567,0.009913
0.998472,0.019005,-0.050888,0.010074
0.998228,0.020799,-0.054794,0.010290
0.997924,0.019381,-0.060313,0.011577
0.997610,0.021375,-0.064753,0.011085
0.996573,0.000466,-0.078780,0.025192
0.996053,-0.001154,-0.085004,0.025514
0.995607,-0.000649,-0.089971,0.025894
0.994999,0.000028,-0.096170,0.026992
0.994351,-0.003448,-0.102519,0.027242
0.993749,-0.004739,-0.108192,0.027087
0.992933,-0.004479,-0.114995,0.028978
0.991432,-0.011236,-0.125361,0.034939
0.990746,-0.012585,-0.130938,0.033455
0.989894,-0.010527,-0.137291,0.033900
0.988943,-0.011015,-0.143993,0.033699
0.987723,-0.012679,-0.152165,0.032980
0.986974,-0.008913,-0.157162,0.033191
0.985893,-0.010343,-0.163875,0.032452
0.984934,-0.009797,-0.169798,0.031225
0.984013,-0.007145,-0.175488,0.029520
0.982904,-0.009049,-0.181868,0.027224
0.981885,-0.005305,-0.187747,0.024991
0.980639,-0.003025,-0.194463,0.022813
0.979507,-0.003581,-0.200374,0.020090
0.978713,0.004993,-0.204652,0.014575
0.979846,0.030301,-0.196999,-0.013167
0.977256,0.019695,-0.211092,-0.004789
0.976254,0.031641,-0.213705,-0.016038
0.974688,0.044132,-0.216426,-0.034556
0.971919,0.047091,-0.226547,-0.042795
0.967755,0.032778,-0.248272,-0.027168
0.964901,0.041408,-0.256570,-0.037696
0.961494,0.057306,-0.261397,-0.062581
0.958517,0.056908,-0.270796,-0.068380
0.944558,0.038237,-0.320265,-0.061452
0.941417,0.022728,-0.329618,-0.067595
0.938474,0.021028,-0.336643,-0.074124
0.933065,0.008937,-0.351543,-0.075685
0.937678,0.013127,-0.338190,-0.078839
0.937097,0.014144,-0.338700,-0.083249
0.934049,0.006860,-0.347006,-0.084214
0.933154,0.004813,-0.348504,-0.088001
0.925785,-0.004992,-0.366469,-0.092722
0.920339,-0.014145,-0.379020,-0.095493
0.920647,-0.012398,-0.376487,-0.102526
0.919977,-0.012613,-0.376324,-0.108920
0.917343,-0.017430,-0.381592,-0.112087
0.916193,-0.019124,-0.382607,-0.117628
0.916633,-0.018662,-0.379228,-0.124986
0.915783,-0.019842,-0.379824,-0.129156
0.914975,-0.020585,-0.380792,-0.131888
0.916534,-0.017822,-0.375417,-0.136784
0.916227,-0.015217,-0.376431,-0.136361
0.916179,-0.012363,-0.376571,-0.136591
0.915194,-0.004624,-0.377300,-0.141571
0.912640,-0.000942,-0.384053,-0.139968
0.911474,0.003679,-0.385639,-0.143127
0.910676,0.007750,-0.385599,-0.148062
0.907583,0.010821,-0.391864,-0.150397
0.911398,0.012726,-0.379204,-0.159361
0.909722,0.014124,-0.382336,-0.161321
0.908529,0.016256,-0.384618,-0.162413
0.909200,0.018500,-0.381503,-0.165733
0.907645,0.020396,-0.385149,-0.165604
0.907463,0.022781,-0.384207,-0.168454
0.907648,0.025583,-0.382699,-0.170476
0.905019,0.029422,-0.388969,-0.169635
0.901705,0.029290,-0.394107,-0.175354
0.902528,0.030794,-0.389983,-0.180021
0.903494,0.033741,-0.386926,-0.181241
0.903312,0.037492,-0.387447,-0.180297
0.905175,0.038580,-0.381852,-0.182639
0.911691,0.046557,-0.373749,-0.164204
0.914764,0.053110,-0.370264,-0.152610
0.916998,0.055948,-0.363400,-0.154673
0.915796,0.060345,-0.366960,-0.151712
0.915568,0.066463,-0.366995,-0.150441
0.916948,0.073407,-0.361973,-0.150972
0.914946,0.084134,-0.364420,-0.151630
0.915927,0.090529,-0.361477,-0.149054
0.915832,0.097280,-0.359772,-0.149512
0.914383,0.106167,-0.359969,-0.151829
0.915504,0.112005,-0.356207,-0.149747
0.913332,0.121335,-0.357706,-0.152147
0.912595,0.129329,-0.356868,-0.151952
0.912858,0.135388,-0.354317,-0.151058
0.909825,0.146559,-0.356885,-0.152868
0.908065,0.155153,-0.357346,-0.153787
0.909242,0.159115,-0.352403,-0.154182
0.908753,0.161962,-0.357108,-0.142868
0.905704,0.170828,-0.357775,-0.150047
0.905460,0.173647,-0.356020,-0.152443
0.908061,0.174216,-0.345399,-0.160540
0.908290,0.179658,-0.339348,-0.166060
0.910346,0.183583,-0.331276,-0.166801
0.910904,0.189073,-0.325516,-0.168955
0.910214,0.196534,-0.321119,-0.172530
0.911879,0.200195,-0.314622,-0.171498
0.911403,0.208907,-0.308908,-0.174001
0.911825,0.215170,-0.302798,-0.174893
0.913034,0.218947,-0.297084,-0.173700
0.912522,0.227635,-0.290977,-0.175552
0.914403,0.231462,-0.281714,-0.175864
0.917366,0.230821,-0.283384,-0.157654
0.916643,0.237644,-0.280837,-0.156272
0.917721,0.246535,-0.268520,-0.157815
0.920902,0.262257,-0.241349,-0.157834
0.921337,0.266269,-0.234523,-0.158860
0.920841,0.272772,-0.226416,-0.162423
0.922393,0.274910,-0.217803,-0.161795
0.920792,0.264938,-0.235113,-0.163313
0.920826,0.278375,-0.213281,-0.170578
0.921917,0.289380,-0.189864,-0.174009
0.920545,0.293774,-0.183439,-0.180669
0.920507,0.297301,-0.179174,-0.179376
0.920253,0.301183,-0.172011,-0.181205
0.919215,0.304766,-0.165082,-0.186842
0.920459,0.305631,-0.157170,-0.186127
0.920342,0.305318,-0.151208,-0.192060
0.918911,0.309154,-0.143835,-0.198337
0.919563,0.310953,-0.134880,-0.198796
0.917777,0.314513,-0.124985,-0.207712
0.916586,0.319184,-0.110978,-0.213717
0.918675,0.314769,-0.115511,-0.208838
0.917610,0.315174,-0.108206,-0.216672
0.915556,0.313761,-0.084352,-0.237056
0.916460,0.301729,-0.081464,-0.249845
0.919025,0.308729,-0.076619,-0.232830
0.919534,0.312992,-0.068368,-0.227638
0.919757,0.312274,-0.063512,-0.229121
0.919353,0.314161,-0.058679,-0.229449
0.918243,0.317515,-0.053854,-0.230462
0.918923,0.318581,-0.049722,-0.227187
0.917770,0.318845,-0.052248,-0.230877
0.917588,0.319830,-0.042810,-0.232177
0.919651,0.313090,-0.058952,-0.229651
0.921100,0.309120,-0.057066,-0.229703
0.924968,0.298669,-0.069907,-0.224371
0.921684,0.310299,-0.039521,-0.229454
0.921548,0.310385,-0.029778,-0.231347
0.925004,0.307173,-0.023585,-0.222383
0.930220,0.304982,-0.009279,-0.203940
0.933770,0.295273,0.001941,-0.202198
0.932474,0.290027,-0.010128,-0.215114
0.932839,0.283945,-0.004334,-0.221735
0.933575,0.279696,0.003258,-0.224042
0.935455,0.275407,0.019480,-0.220668
0.935879,0.269759,0.040812,-0.222922
0.936390,0.273893,0.028400,-0.217594
0.938215,0.257689,0.033955,-0.228462
0.936660,0.273571,0.034961,-0.215882
0.935822,0.266180,0.061763,-0.222646
0.936826,0.265473,0.058776,-0.220061
0.938137,0.262171,0.059753,-0.218161
0.939156,0.259446,0.063725,-0.215899
0.942064,0.261488,0.035356,-0.207092
0.944675,0.250525,0.055730,-0.204252
0.946935,0.240620,0.073973,-0.199861
0.949551,0.235253,0.071776,-0.194565
0.952530,0.230553,0.075922,-0.183757
0.954768,0.224256,0.076994,-0.179439
0.956909,0.221310,0.077829,-0.171142
0.958922,0.212917,0.084087,-0.167525
0.960730,0.211365,0.086114,-0.157821
0.962062,0.205286,0.094133,-0.153079
0.963023,0.197424,0.104417,-0.150688
0.964061,0.191564,0.110929,-0.146917
0.967550,0.187904,0.095220,-0.139545
0.968894,0.184077,0.092022,-0.137443
0.969626,0.180749,0.094296,-0.135146
0.970319,0.179827,0.091397,-0.133381
0.970337,0.176839,0.092246,-0.136617
0.970904,0.176533,0.090813,-0.133908
0.971994,0.176247,0.086832,-0.128929
0.974560,0.170812,0.096751,-0.108138
0.972401,0.173189,0.099004,-0.120997
0.978134,0.163967,0.083307,-0.097105
0.981661,0.150266,0.086631,-0.079090
0.980310,0.151121,0.095880,-0.083437
0.983749,0.141740,0.067714,-0.086957
0.985480,0.133754,0.068034,-0.079436
0.987330,0.126088,0.062823,-0.073029
0.988470,0.116530,0.067747,-0.068979
0.990560,0.102919,0.066489,-0.061450
0.978299,0.151597,0.100499,-0.099239
0.982336,0.136833,0.091283,-0.089210
0.986572,0.117369,0.084092,-0.076337
0.994689,0.076476,0.052352,-0.044783
0.990211,0.094730,0.089876,-0.049293
0.992494,0.089867,0.063051,-0.053880
0.996181,0.070740,0.040068,-0.031819
0.995969,0.072310,0.040862,-0.033867
0.995711,0.072713,0.044070,-0.036465
0.996783,0.064372,0.036043,-0.031306
0.997682,0.051318,0.035469,-0.027182
0.998190,0.046993,0.029594,-0.023068
0.997693,0.059439,0.023777,-0.022607
0.998633,0.042568,0.024430,-0.017973
0.998816,0.039866,0.021792,-0.017317
0.999388,0.031559,0.012289,-0.008780
0.998343,0.050359,0.017787,-0.021404
0.999241,0.038081,-0.002591,-0.007767
0.998886,0.041107,0.009127,-0.021238
0.999589,0.019679,-0.020795,0.000157
0.999254,0.014272,-0.035351,0.006175
0.998931,0.001189,-0.045137,0.009849
0.998429,-0.008610,-0.053881,0.012667
0.997629,-0.013694,-0.065563,0.015840
0.997654,-0.013267,-0.066197,0.011281
0.996065,-0.050375,-0.069867,0.020880
0.993305,-0.064201,-0.090022,0.033453
0.992279,-0.072182,-0.094755,0.034548
0.990679,-0.084456,-0.100491,0.036363
0.989375,-0.087795,-0.109388,0.038236
0.987743,-0.096065,-0.116916,0.038303
0.986168,-0.103379,-0.124063,0.037345
0.984663,-0.105237,-0.134073,0.037221
0.982529,-0.113782,-0.142749,0.036227
0.980856,-0.114109,-0.153741,0.035549
0.978959,-0.114423,-0.165423,0.034386
0.976443,-0.118292,-0.177556,0.032216
0.974261,-0.113286,-0.192554,0.030059
0.970913,-0.115002,-0.208444,0.025563
0.966681,-0.122858,-0.223677,0.020078
0.965295,-0.122798,-0.230387,0.006800
0.962262,-0.123770,-0.242344,0.001009
0.959741,-0.136019,-0.245672,-0.006430
0.954090,-0.152019,-0.258034,-0.004577
0.953844,-0.160296,-0.253716,-0.010738
0.947898,-0.180849,-0.262209,-0.005375
0.944572,-0.193159,-0.265440,-0.004015
0.942034,-0.196595,-0.271875,-0.002233
0.937637,-0.205715,-0.280204,-0.001899
0.935627,-0.202494,-0.289124,-0.002393
0.933831,-0.197563,-0.298165,-0.005145
0.931951,-0.200504,-0.301978,-0.008707
0.931046,-0.195011,-0.308122,-0.013631
0.927827,-0.196234,-0.316678,-0.018543
0.926016,-0.197282,-0.320980,-0.023356
0.924217,-0.198032,-0.325413,-0.026713
0.920245,-0.206843,-0.330526,-0.033452
0.916725,-0.213781,-0.335270,-0.038796
0.914955,-0.213230,-0.340122,-0.041321
0.913505,-0.213064,-0.343694,-0.044574
0.909958,-0.216200,-0.350368,-0.049740
0.908284,-0.213711,-0.355734,-0.052933
0.906271,-0.209833,-0.362633,-0.056032
0.903830,-0.209772,-0.368013,-0.060446
0.899462,-0.210828,-0.377499,-0.063343
0.897639,-0.209479,-0.381659,-0.068556
0.895167,-0.210042,-0.385988,-0.074645
0.894060,-0.207018,-0.389355,-0.078762
0.891817,-0.208253,-0.392723,-0.084026
-0.891403,0.203190,0.395573,0.087381
-0.888977,0.205655,0.398145,0.094372
-0.885127,0.211722,0.401299,0.103355
-0.884040,0.209813,0.403524,0.107790
-0.883495,0.207498,0.404778,0.111963
-0.881652,0.210552,0.405259,0.118839
-0.882941,0.206820,0.403376,0.122183
-0.882752,0.199979,0.403231,0.134760
-0.875058,0.202545,0.415383,0.143893
-0.875489,0.202623,0.414717,0.143082
-0.873426,0.209063,0.415998,0.142704
-0.871697,0.207765,0.418954,0.146478
-0.871393,0.202403,0.420591,0.151031
-0.870403,0.198736,0.422469,0.156272
-0.867503,0.198077,0.426660,0.161759
-0.867313,0.195153,0.426870,0.165728
-0.866524,0.196509,0.427223,0.167329
-0.864605,0.199468,0.429594,0.167685
-0.866103,0.199199,0.427006,0.166888
-0.865507,0.203420,0.427463,0.163678
-0.865754,0.206521,0.426164,0.161878
-0.867930,0.206037,0.422258,0.161069
-0.866824,0.207932,0.423756,0.160654
-0.868495,0.206470,0.420797,0.161289
-0.869860,0.202973,0.419064,0.162880
-0.868732,0.200457,0.422344,0.163546
-0.870971,0.197515,0.419198,0.163311
-0.871482,0.193622,0.420554,0.161751
-0.870082,0.189968,0.426410,0.158250
-0.870986,0.186844,0.426879,0.155706
-0.873685,0.184488,0.423180,0.153485
-0.874864,0.181117,0.423529,0.149773
-0.876014,0.178364,0.423637,0.146004
-0.879678,0.175903,0.417745,0.143921
-0.881302,0.171095,0.417415,0.140702
-0.884758,0.167374,0.412418,0.138199
-0.889088,0.163607,0.405038,0.136742
-0.891654,0.157550,0.402700,0.134030
-0.893341,0.148538,0.403253,0.131394
-0.913959,0.183732,0.332450,0.142823
0.897504,-0.132591,-0.400695,-0.127867
0.898064,-0.124417,-0.402745,-0.125692
0.894213,-0.109525,-0.416044,-0.123674
0.894368,-0.105718,-0.416972,-0.122736
0.892940,-0.089303,-0.420592,-0.133360
0.889516,-0.077873,-0.428535,-0.138040
0.889148,-0.074862,-0.429148,-0.140149
0.888236,-0.081636,-0.434239,-0.125730
0.888325,-0.078402,-0.433891,-0.128337
0.889720,-0.077440,-0.430967,-0.129109
0.893704,-0.079515,-0.422851,-0.127147
0.897778,-0.078938,-0.415162,-0.124107
0.901116,-0.078175,-0.409157,-0.120290
0.906376,-0.079447,-0.398333,-0.116194
0.910448,-0.069114,-0.390806,-0.116523
0.911909,-0.067445,-0.389960,-0.108641
0.914747,-0.064685,-0.384432,-0.106145
0.915741,-0.051760,-0.382529,-0.111406
0.916515,-0.046704,-0.382093,-0.108734
0.917449,-0.041233,-0.380784,-0.107651
0.916362,-0.031305,-0.384949,-0.105429
0.918017,-0.027912,-0.381709,-0.103748
0.919391,-0.021739,-0.379425,-0.101404
0.920308,-0.013897,-0.378262,-0.098775
0.923271,-0.012778,-0.371866,-0.095511
0.925091,-0.005649,-0.368512,-0.091497
0.926102,0.004698,-0.366469,-0.089510
0.928869,0.012035,-0.359740,-0.087426
0.931432,0.018545,-0.353425,-0.084737
0.931239,0.025791,-0.351949,-0.090894
0.932891,0.035008,-0.345988,-0.093710
0.933396,0.034078,-0.344892,-0.093053
0.934325,0.044217,-0.340745,-0.094738
0.936227,0.050057,-0.332398,-0.102387
0.941802,0.057518,-0.321963,-0.077720
0.944932,0.067177,-0.313674,-0.064798
0.946026,0.072551,-0.305915,-0.078649
0.947015,0.080199,-0.300937,-0.078522
0.947203,0.086794,-0.298499,-0.078552
0.948872,0.090794,-0.291518,-0.080101
0.948291,0.099947,-0.289590,-0.083012
0.948586,0.105817,-0.286150,-0.084282
0.949047,0.110935,-0.281985,-0.086528
0.947282,0.121121,-0.282467,-0.090537
0.947406,0.126286,-0.279250,-0.092146
0.946532,0.134433,-0.277969,-0.093464
0.944147,0.146367,-0.278831,-0.097039
0.943671,0.153758,-0.275070,-0.100897
0.943985,0.155854,-0.272426,-0.101906
0.945013,0.172146,-0.257063,-0.105985
0.944818,0.183521,-0.248714,-0.108539
0.944702,0.185717,-0.246456,-0.110934
0.942922,0.192367,-0.246767,-0.114014
0.941615,0.198092,-0.245790,-0.117087
0.942060,0.200507,-0.240366,-0.120603
0.940834,0.208015,-0.236442,-0.125125
0.938184,0.197839,-0.256625,-0.121706
0.939171,0.200672,-0.248733,-0.125769
0.938060,0.206298,-0.246084,-0.130102
0.938202,0.210635,-0.239007,-0.135215
0.938019,0.212831,-0.239689,-0.131802
0.936692,0.218871,-0.240542,-0.129774
0.937248,0.221091,-0.236192,-0.129997
0.935784,0.227335,-0.234252,-0.133236
0.937950,0.223219,-0.234788,-0.123678
0.939256,0.222381,-0.231335,-0.121769
0.937188,0.229526,-0.230122,-0.126645
0.936348,0.234613,-0.226512,-0.129995
0.935446,0.241800,-0.213928,-0.143902
0.933145,0.252119,-0.198520,-0.162065
0.935064,0.249433,-0.208652,-0.141079
0.935285,0.267355,-0.181350,-0.144479
0.935027,0.274028,-0.171667,-0.145472
0.933975,0.278737,-0.164804,-0.151114
0.934146,0.281444,-0.157010,-0.153321
0.931860,0.285517,-0.156694,-0.159886
0.930175,0.289951,-0.153811,-0.164451
0.928691,0.294208,-0.150426,-0.168364
0.924806,0.301234,-0.149940,-0.177511
0.923914,0.304500,-0.145078,-0.180599
0.922929,0.306987,-0.140613,-0.184901
0.919487,0.312262,-0.140965,-0.192781
0.920380,0.310650,-0.133485,-0.196410
0.919553,0.312240,-0.126651,-0.202210
0.917859,0.314632,-0.120441,-0.209847
0.917640,0.315152,-0.114006,-0.213583
0.917986,0.313892,-0.109089,-0.216498
0.916136,0.317621,-0.103383,-0.221641
0.914662,0.320153,-0.097497,-0.226693
0.913710,0.323222,-0.090742,-0.228964
0.911982,0.321814,-0.095275,-0.235896
0.910799,0.323077,-0.093151,-0.239559
0.909509,0.322762,-0.091387,-0.245490
0.908413,0.327550,-0.086905,-0.244832
0.907810,0.328221,-0.084806,-0.246901
0.906369,0.329823,-0.080538,-0.251445
0.905900,0.329709,-0.074130,-0.255228
0.906679,0.328376,-0.068414,-0.255772
0.905703,0.327979,-0.061356,-0.261471
0.904938,0.327842,-0.055772,-0.265512
0.903933,0.328387,-0.051833,-0.269034
0.901699,0.329901,-0.048204,-0.275282
0.900992,0.330885,-0.045729,-0.276834
0.899489,0.333246,-0.044400,-0.279094
0.897128,0.335285,-0.043298,-0.284374
0.896845,0.334649,-0.041615,-0.286261
0.897968,0.333202,-0.039371,-0.284745
0.898673,0.330187,-0.034709,-0.286630
0.899412,0.327778,-0.028694,-0.287740
0.900157,0.326106,-0.022680,-0.287847
0.900119,0.324959,-0.016659,-0.289669
0.900286,0.324340,-0.013257,-0.290018
0.900077,0.324023,-0.011608,-0.291094
0.898672,0.325111,-0.010495,-0.294245
0.898291,0.325270,-0.010378,-0.295237
0.897554,0.326067,-0.010133,-0.296604
0.896453,0.327143,-0.008537,-0.298791
0.897133,0.327873,-0.006338,-0.295989
0.897906,0.328141,-0.001446,-0.293405
0.898447,0.327786,0.004265,-0.292113
0.899611,0.326788,0.008903,-0.289535
0.900501,0.324980,0.014100,-0.288594
0.901729,0.321117,0.018424,-0.288842
0.901345,0.318526,0.017721,-0.292922
0.901793,0.315544,0.020267,-0.294604
0.903637,0.313142,0.023545,-0.291252
0.904184,0.312903,0.023484,-0.289811
0.902199,0.311833,0.019051,-0.297378
0.904721,0.312725,0.020476,-0.288549
0.908433,0.312573,0.019628,-0.276878
0.908444,0.309670,0.014831,-0.280382
0.911880,0.303549,0.013013,-0.275976
0.914513,0.301179,0.010285,-0.269904
0.919030,0.290890,0.013935,-0.265658
0.923489,0.281727,0.016637,-0.259848
0.927050,0.272857,0.017422,-0.256564
0.931799,0.262363,0.025556,-0.249525
0.934187,0.255525,0.031753,-0.246964
0.938672,0.254376,0.030633,-0.230752
0.944286,0.243384,0.038041,-0.218270
0.947023,0.238996,0.040079,-0.210764
0.946471,0.237705,0.052844,-0.211891
0.946300,0.240221,0.061019,-0.207573
0.948825,0.232762,0.065020,-0.203282
0.946763,0.228489,0.084518,-0.210445
0.946619,0.225669,0.094069,-0.210088
0.948015,0.219752,0.099089,-0.207744
0.949939,0.214117,0.101761,-0.203505
0.951810,0.206610,0.106409,-0.200116
0.951623,0.206680,0.109987,-0.198988
0.953823,0.202326,0.108857,-0.193483
0.953631,0.196980,0.116455,-0.195508
0.956955,0.193104,0.109569,-0.186931
0.959719,0.183853,0.109277,-0.182190
0.959286,0.177810,0.115315,-0.186696
0.960524,0.178508,0.112584,-0.181252
0.960500,0.171618,0.118853,-0.184015
0.964978,0.161621,0.112643,-0.173232
0.964343,0.162177,0.116027,-0.174013
0.965767,0.153158,0.120905,-0.170931
0.967642,0.148161,0.120606,-0.164833
0.968911,0.140120,0.123202,-0.162470
0.969338,0.134481,0.128657,-0.160458
0.970904,0.126700,0.130587,-0.155690
0.971605,0.121840,0.133407,-0.152780
0.971429,0.113864,0.141708,-0.152574
0.972383,0.110104,0.141581,-0.149341
0.973532,0.108896,0.137119,-0.146883
0.974483,0.105056,0.137826,-0.142655
0.976994,0.095989,0.143084,-0.125681
0.978688,0.089638,0.143557,-0.116300
0.977964,0.093972,0.136170,-0.127329
0.979284,0.089070,0.136064,-0.120640
0.980692,0.079937,0.142197,-0.107849
0.981204,0.074072,0.144422,-0.104376
0.981833,0.078474,0.132409,-0.110966
0.982872,0.072618,0.130944,-0.107436
0.984170,0.058367,0.140733,-0.090525
0.985624,0.057664,0.133705,-0.085685
0.986846,0.052053,0.131679,-0.078011
0.987117,0.044950,0.136499,-0.070346
0.989598,0.047957,0.120795,-0.061674
0.990389,0.039846,0.121759,-0.052125
0.991290,0.036805,0.115806,-0.050768
0.993001,0.041311,0.096850,-0.053496
0.994260,0.029904,0.092508,-0.044667
0.992872,0.023328,0.104846,-0.051650
0.995430,-0.000656,0.089815,-0.032433
0.994268,-0.023855,0.103071,-0.015490
0.994231,-0.038268,0.099241,-0.013834
0.994788,-0.040050,0.093362,-0.008773
0.994850,-0.045533,0.090504,-0.002836
0.993106,-0.045282,0.107776,-0.008662
0.994557,-0.041454,0.095585,-0.000595
nan,nan,nan,nan
nan,nan,nan,nan
0.996079,-0.043489,0.076348,0.010324
0.997237,-0.040055,0.062197,0.006757
0.996839,-0.046242,0.063331,0.012769
0.998528,-0.032281,0.042871,0.007739
0.998212,-0.044824,0.038012,0.010809
0.998377,-0.045817,0.030967,0.013611
0.998010,-0.056057,0.024483,0.015314
0.996702,-0.075569,0.024717,0.016256
0.995094,-0.093751,0.022303,0.022377
0.995396,-0.091357,0.012836,0.026013
0.994764,-0.098242,0.007338,0.027196
0.994574,-0.100037,0.003274,0.028342
0.994411,-0.101362,-0.000771,0.029473
0.993798,-0.107328,-0.005390,0.028566
0.993882,-0.106285,-0.008285,0.028853
0.993818,-0.106554,-0.012489,0.028534
0.993471,-0.108663,-0.018392,0.029488
0.993657,-0.105455,-0.023065,0.031500
0.993304,-0.105599,-0.032782,0.033495
0.993074,-0.105490,-0.038468,0.034566
0.993524,-0.102822,-0.035824,0.032448
0.992437,-0.106363,-0.049813,0.035681
0.992106,-0.104141,-0.058783,0.037724
0.992237,-0.102166,-0.061263,0.035706
0.992002,-0.107265,-0.059427,0.029911
0.991957,-0.107249,-0.061642,0.026770
0.991938,-0.105678,-0.064685,0.026607
0.991858,-0.104082,-0.068402,0.026537
0.991536,-0.104382,-0.072398,0.026799
0.991883,-0.100075,-0.074079,0.025777
0.991840,-0.097953,-0.077475,0.025606
0.996058,-0.062401,-0.062910,0.004009
0.989748,-0.102700,-0.092147,0.036850
0.990834,-0.096295,-0.089311,0.031609
0.990420,-0.096914,-0.092352,0.033866
0.992133,-0.086474,-0.086283,0.027352
0.991796,-0.086077,-0.089907,0.029129
0.991527,-0.085786,-0.092408,0.031226
0.990605,-0.087601,-0.099350,0.034009
0.990873,-0.083266,-0.101211,0.031501
0.990922,-0.080406,-0.102944,0.031770
0.990876,-0.078820,-0.104963,0.030604
0.991698,-0.073908,-0.102088,0.025476
0.992349,-0.072057,-0.098023,0.021016
0.994124,-0.052637,-0.094095,0.009575
0.994271,-0.051309,-0.093502,0.007011
0.994378,-0.051490,-0.092352,0.005787
0.994794,-0.046752,-0.090517,0.002157
0.992541,-0.065952,-0.101325,0.015664
0.991473,-0.074265,-0.104666,0.022602
0.991955,-0.070004,-0.103458,0.020480
0.991879,-0.067363,-0.105744,0.021371
0.993737,-0.049581,-0.099482,0.011467
0.995433,-0.025829,-0.091891,0.000416
0.995216,-0.024716,-0.094488,0.002059
0.995269,-0.022979,-0.094399,0.000216
0.995090,-0.041629,-0.089597,0.005911
0.995380,-0.038268,-0.088048,0.001126
0.995590,-0.038513,-0.085422,-0.004393
0.995696,-0.036541,-0.084743,-0.008540
0.995839,-0.032782,-0.084092,-0.012561
0.995828,-0.029562,-0.085298,-0.013233
0.995693,-0.025584,-0.088261,-0.012249
0.995645,-0.022673,-0.089862,-0.010050
0.995395,-0.018155,-0.094073,-0.003229
0.994945,-0.016730,-0.098947,0.003834
0.994770,-0.017877,-0.100331,0.006739
0.994680,-0.019550,-0.100770,0.008597
0.994576,-0.021484,-0.101097,0.011660
0.994559,-0.022821,-0.100788,0.013100
0.994640,-0.023260,-0.099911,0.012932
0.994604,-0.022599,-0.100322,0.013621
0.994601,-0.021398,-0.100604,0.013750
0.994635,-0.019356,-0.100725,0.013474
0.994661,-0.017544,-0.100836,0.013214
0.994619,-0.017254,-0.101331,0.012949
0.994704,-0.017046,-0.100516,0.012979
0.994740,-0.017079,-0.100058,0.013695
0.994797,-0.018168,-0.099258,0.013979
0.994786,-0.019240,-0.099078,0.014648
0.994759,-0.020259,-0.099002,0.015603
0.994752,-0.021534,-0.098613,0.016690
0.994773,-0.022169,-0.098195,0.017108
0.994788,-0.023296,-0.097838,0.016724
0.994827,-0.023766,-0.097437,0.016108
0.994965,-0.023739,-0.096125,0.015474
0.995099,-0.023990,-0.094694,0.015352
0.995176,-0.024087,-0.093875,0.015226
0.995340,-0.023744,-0.092222,0.015130
0.995451,-0.023731,-0.091040,0.014980
0.995490,-0.024377,-0.090423,0.015153
0.995545,-0.025026,-0.089528,0.015741
0.995566,-0.027186,-0.088386,0.017258
0.995606,-0.026126,-0.088364,0.016644
0.995641,-0.024803,-0.088404,0.016412
0.995695,-0.024236,-0.087942,0.016401
0.995718,-0.023116,-0.088010,0.016268
0.995792,-0.022103,-0.087456,0.016159
0.995811,-0.022403,-0.087146,0.016239
0.995847,-0.022749,-0.086589,0.016451
0.995879,-0.022819,-0.086229,0.016375
0.995877,-0.023252,-0.086059,0.016791
0.995892,-0.023475,-0.085807,0.016800
0.995956,-0.023373,-0.085067,0.016948
0.995998,-0.023178,-0.084614,0.017049
0.996068,-0.023319,-0.083775,0.016915
0.996082,-0.022996,-0.083747,0.016642
0.996097,-0.022753,-0.083686,0.016436
0.996124,-0.022164,-0.083598,0.016038
0.996158,-0.021424,-0.083427,0.015727
0.996181,-0.020995,-0.083293,0.015632
0.996217,-0.020687,-0.082932,0.015659
0.996223,-0.020630,-0.082815,0.016025
0.996225,-0.020696,-0.082706,0.016357
0.996243,-0.020939,-0.082296,0.016976
0.996294,-0.020957,-0.081731,0.016682
0.996382,-0.021228,-0.080583,0.016678
0.996459,-0.021329,-0.079689,0.016248
0.996476,-0.021397,-0.079509,0.015993
0.996508,-0.020902,-0.079305,0.015688
0.996496,-0.020320,-0.079701,0.015199
0.996493,-0.019851,-0.079855,0.015210
0.996470,-0.019121,-0.080310,0.015195
0.996407,-0.018551,-0.081247,0.015059
0.996339,-0.018339,-0.082185,0.014759
0.996246,-0.017635,-0.083586,0.013982
0.996192,-0.017058,-0.084466,0.013170
0.996144,-0.016280,-0.085333,0.012273
0.996238,-0.013582,-0.085109,0.008957
0.996461,-0.010647,-0.083235,0.004821
0.994468,-0.020071,-0.101840,0.016117
0.994409,-0.018605,-0.102958,0.014236
0.994173,-0.016913,-0.105716,0.012523
0.993662,-0.015892,-0.110648,0.011842
0.995166,0.003260,-0.098008,-0.005154
0.995085,0.009799,-0.097994,-0.010336
0.994801,0.013784,-0.099808,-0.014770
0.994327,0.015928,-0.103666,-0.017660
0.993839,0.019283,-0.106620,-0.023305
0.993355,0.021212,-0.109513,-0.028310
0.992845,0.021931,-0.112809,-0.032424
0.992222,0.026363,-0.114625,-0.040762
0.990828,0.018511,-0.129138,-0.035227
0.988878,0.007145,-0.146401,-0.025203
0.988573,0.012144,-0.146850,-0.031765
0.987734,0.011668,-0.152782,-0.030053
0.986807,0.010447,-0.159249,-0.027248
0.986173,0.011178,-0.162852,-0.028584
0.985533,0.011413,-0.166035,-0.032017
0.984428,0.008623,-0.173252,-0.028471
0.983478,0.007122,-0.178913,-0.026628
0.983151,0.006714,-0.180610,-0.027369
0.982377,0.004720,-0.185458,-0.022761
0.982139,0.003310,-0.186643,-0.023573
0.981798,0.001037,-0.188388,-0.024123
0.981145,-0.001908,-0.191893,-0.022961
0.981009,-0.001724,-0.191961,-0.027757
0.980233,-0.002120,-0.195843,-0.027983
0.979421,-0.003036,-0.199713,-0.028984
0.978881,-0.003569,-0.201771,-0.032642
0.978043,-0.004697,-0.206000,-0.031230
0.977530,-0.006417,-0.208076,-0.033153
0.977318,-0.008976,-0.208666,-0.035030
0.977204,-0.009558,-0.209669,-0.031940
0.977064,-0.010750,-0.210422,-0.030881
0.977152,-0.013051,-0.209411,-0.033923
0.976632,-0.017249,-0.211327,-0.035119
0.975830,-0.024253,-0.214562,-0.033602
0.976318,-0.026031,-0.211838,-0.035347
0.975657,-0.029646,-0.214802,-0.032758
0.977522,-0.026693,-0.207293,-0.027675
0.977689,-0.025539,-0.206719,-0.027197
0.978175,-0.021389,-0.205766,-0.019391
0.978290,-0.019456,-0.205635,-0.016839
0.978097,-0.019013,-0.206576,-0.017021
0.977898,-0.017638,-0.207937,-0.012936
0.977865,-0.018441,-0.207918,-0.014436
0.977539,-0.019380,-0.209337,-0.014841
0.977323,-0.019275,-0.210442,-0.013546
0.977281,-0.020226,-0.210490,-0.014352
0.977158,-0.019729,-0.211345,-0.010297
0.976022,-0.022373,-0.216458,-0.005001
0.976889,-0.017586,-0.213008,-0.002166
0.976868,-0.018058,-0.213073,-0.001323
0.976969,-0.016734,-0.212714,0.001924
0.976772,-0.017067,-0.213570,0.003368
0.976849,-0.018277,-0.213120,0.003411
0.977199,-0.019008,-0.211373,0.006570
0.977671,-0.019936,-0.209019,0.008502
0.978237,-0.020786,-0.206201,0.010058
0.978591,-0.020475,-0.203888,0.019213
0.978676,-0.022405,-0.203502,0.016653
0.978616,-0.022439,-0.203423,0.020650
0.978503,-0.021379,-0.203235,0.027770
0.978448,-0.020815,-0.202722,0.033316
0.978835,-0.018295,-0.199878,0.039975
0.979443,-0.016437,-0.195773,0.045752
0.980381,-0.014265,-0.189845,0.051088
0.981293,-0.010226,-0.182799,0.059519
0.981792,-0.008162,-0.177830,0.066289
0.983461,-0.003794,-0.165673,0.073087
0.984063,0.000590,-0.160537,0.076462
0.984451,0.004095,-0.157490,0.077691
0.984607,0.005379,-0.154719,0.081120
0.985196,0.009587,-0.151781,0.079108
0.985736,0.012536,-0.149860,0.075558
0.986151,0.014944,-0.145331,0.078480
0.986916,0.018492,-0.141406,0.075210
0.987490,0.020604,-0.137840,0.073768
0.987821,0.021191,-0.134010,0.076156
0.988479,0.023624,-0.130635,0.072698
0.988718,0.024227,-0.127416,0.074934
0.988877,0.025082,-0.125025,0.076557
0.989158,0.025855,-0.123804,0.074628
0.989147,0.023597,-0.120981,0.079969
0.989475,0.021668,-0.117515,0.081608
0.992407,0.042364,-0.097879,0.061251
0.992480,0.034068,-0.089653,0.076056
0.992887,0.028219,-0.076120,0.087087
0.994016,0.030498,-0.078149,0.069952
0.994584,0.029008,-0.073607,0.067400
0.995761,0.030202,-0.064988,0.057655
0.996481,0.032141,-0.060291,0.048547
0.996453,0.031103,-0.048563,0.061284
0.996044,0.017261,-0.062576,0.060685
0.996816,0.018460,-0.059562,0.049687
0.997137,0.018648,-0.053452,0.050122
0.997433,0.017126,-0.036677,0.059069
0.997872,0.019019,-0.034287,0.052095
0.997780,0.018900,-0.032037,0.055236
0.997811,0.019583,-0.030267,0.055421
0.997561,0.019452,-0.028662,0.060590
0.997122,0.018466,-0.029287,0.067434
0.996775,0.017619,-0.028149,0.073046
0.996738,0.020442,-0.041421,0.066179
0.996558,0.020554,-0.042278,0.068261
0.996669,0.034228,-0.024889,0.069725
0.997050,0.043773,-0.032111,0.054246
0.996979,0.032128,-0.033594,0.062213
0.997044,0.032760,-0.032698,0.061319
0.996916,0.033027,-0.032020,0.063574
nan,nan,nan,nan
nan,nan,nan,nan
0.997141,0.031493,-0.034186,0.059576
0.996851,0.024086,-0.038370,0.065074
0.997367,0.016885,-0.037728,0.059577
0.997418,0.012375,-0.038748,0.059177
0.997653,0.008150,-0.038066,0.056326
0.998156,0.001459,-0.035806,0.048991
0.998237,-0.001844,-0.034623,0.048169
0.998524,-0.007565,-0.031778,0.043388
0.998750,-0.013733,-0.029659,0.037816
0.998707,-0.017711,-0.028900,0.037879
0.998751,-0.024164,-0.027933,0.033627
0.998691,-0.028989,-0.027119,0.032249
0.998601,-0.031333,-0.026430,0.033395
0.998521,-0.034506,-0.026854,0.032320
0.998397,-0.035572,-0.027511,0.034361
0.998312,-0.036064,-0.027865,0.036017
0.998520,-0.034133,-0.025876,0.033512
0.997238,-0.051365,-0.033728,0.041722
0.997373,-0.050638,-0.032001,0.040740
0.997454,-0.053078,-0.029359,0.037464
0.997651,-0.055271,-0.026229,0.030808
0.997671,-0.057424,-0.024580,0.027376
0.997711,-0.059815,-0.022127,0.022481
0.997716,-0.061568,-0.020373,0.018853
0.997697,-0.062193,-0.019802,0.018432
0.997734,-0.062555,-0.018317,0.016689
0.997717,-0.063155,-0.017281,0.016551
0.997676,-0.063837,-0.016906,0.016783
0.997705,-0.063899,-0.016216,0.015423
0.997561,-0.066311,-0.016071,0.014703
0.998361,-0.056261,-0.007805,0.006926
0.998738,-0.050091,-0.003223,0.001583
0.998785,-0.049195,-0.002875,-0.000339
0.998926,-0.046253,-0.001438,-0.002229
0.998949,-0.045537,0.000232,-0.005223
0.998998,-0.044086,0.001177,-0.007563
0.999109,-0.041073,0.002420,-0.009249
0.999166,-0.039201,0.003378,-0.010906
0.999217,-0.037057,0.004141,-0.013232
0.999312,-0.033344,0.004589,-0.015540
0.999439,-0.028493,0.003999,-0.017162
0.999506,-0.024543,0.003163,-0.019338
0.999606,-0.020277,0.001390,-0.019347
0.999706,-0.015642,-0.000438,-0.018536
0.999742,-0.012789,-0.002214,-0.018629
0.999796,-0.011087,-0.006000,-0.015760
0.999807,-0.009259,-0.009116,-0.014741
0.999761,-0.008037,-0.011149,-0.016980
0.999713,-0.007998,-0.014643,-0.017205
0.999619,-0.007277,-0.016956,-0.020497
0.999502,-0.007828,-0.019549,-0.023466
0.999379,-0.010131,-0.021650,-0.025895
0.999174,-0.012268,-0.022690,-0.031398
0.998953,-0.015398,-0.025163,-0.034949
0.998643,-0.021387,-0.029989,-0.036818
0.998099,-0.007979,-0.016575,-0.058822
0.998069,-0.019881,-0.019132,-0.055661
0.998084,-0.028609,-0.024566,-0.049047
0.997765,-0.057555,-0.021320,-0.026429
0.997831,-0.045467,-0.026200,-0.039711
0.997856,-0.029622,-0.026851,-0.051829
0.997957,-0.026904,-0.033736,-0.047098
0.997720,-0.037886,-0.029160,-0.047640
0.997616,-0.061787,-0.022852,-0.020525
0.997154,-0.060811,-0.034140,-0.028614
0.997463,-0.040689,-0.033012,-0.048183
0.997563,-0.048200,-0.025228,-0.043705
0.997231,-0.052272,-0.024731,-0.046756
0.997155,-0.069171,-0.024365,-0.017419
0.997275,-0.063033,-0.028620,-0.025480
0.997478,-0.063053,-0.025527,-0.020187
0.997964,-0.061665,-0.015769,-0.003819
0.998172,-0.058573,-0.014793,0.001510
0.998346,-0.055099,-0.013263,0.009718
0.998410,-0.051196,-0.009856,0.021405
0.998407,-0.049055,-0.009484,0.026204
0.998342,-0.048734,-0.008790,0.029328
0.998720,-0.042646,-0.022560,0.015173
0.998611,-0.044052,-0.022420,0.018241
0.999124,-0.036448,-0.016197,0.012641
0.999562,-0.027490,-0.008313,0.007028
0.999475,-0.028865,-0.010673,0.010088
0.999476,-0.027819,-0.011294,0.012096
0.999438,-0.027527,-0.013465,0.013604
0.999197,-0.029254,-0.013452,0.023832
0.998748,-0.032109,-0.012872,0.036106
0.998726,-0.032313,-0.015559,0.035522
0.998679,-0.032681,-0.016293,0.036132
0.998621,-0.034259,-0.017767,0.035593
0.998454,-0.036832,-0.018682,0.037196
0.998882,-0.034194,-0.021187,0.024828
0.998981,-0.034208,-0.022872,0.018511
0.998909,-0.035532,-0.023121,0.019551
0.998871,-0.035912,-0.023644,0.020183
0.998838,-0.036624,-0.024338,0.019718
0.998859,-0.036353,-0.024342,0.019107
0.998911,-0.035505,-0.023792,0.018701
0.998956,-0.034922,-0.023078,0.018296
0.999028,-0.034179,-0.022054,0.016955
0.999116,-0.032736,-0.020896,0.016072
0.999278,-0.029481,-0.019428,0.013955
0.999419,-0.026322,-0.017843,0.012155
0.999603,-0.021620,-0.014491,0.010755
0.999776,-0.015774,-0.010872,0.009002
0.999898,-0.008894,-0.006831,0.008807
0.999956,0.000352,-0.004804,0.008072
0.999624,0.004831,0.001591,0.026923
0.999395,0.015646,0.006880,0.030277
0.999261,0.036193,0.005083,0.011890
0.998576,0.051527,0.004927,0.012873
0.997649,0.067484,0.006263,0.010099
0.996606,0.081943,0.002701,0.007295
0.995383,0.095920,0.000018,0.003351
0.994310,0.105112,0.005094,0.016500
0.992529,0.121070,-0.013505,-0.006900
0.991189,0.129788,-0.025042,-0.008511
0.989766,0.139198,-0.028488,-0.013216
0.988041,0.149713,-0.031984,-0.018367
0.987324,0.153132,-0.041091,-0.007208
0.985187,0.162090,-0.053498,-0.016458
0.982996,0.170903,-0.063140,-0.022908
0.980215,0.177512,-0.081764,-0.031341
0.978423,0.184418,-0.086809,-0.033801
0.978947,0.175590,-0.102930,-0.015343
0.977468,0.180853,-0.107150,-0.019179
0.977861,0.181667,-0.102254,-0.018097
0.977598,0.180813,-0.105946,-0.019587
0.977098,0.180107,-0.110228,-0.026276
0.976499,0.182748,-0.109495,-0.032611
0.974868,0.185256,-0.116050,-0.042944
0.973439,0.190151,-0.116917,-0.050878
0.971081,0.198495,-0.118590,-0.059477
0.967430,0.209815,-0.123863,-0.068664
0.964774,0.221702,-0.121491,-0.072793
0.963095,0.231104,-0.116960,-0.073194
0.958792,0.246529,-0.108067,-0.090892
0.955083,0.257179,-0.106791,-0.101342
0.953350,0.261707,-0.107214,-0.105528
0.951095,0.264262,-0.123649,-0.101463
0.950656,0.260399,-0.132001,-0.104980
0.947606,0.267262,-0.133804,-0.112743
0.944536,0.271409,-0.141329,-0.119228
0.939573,0.283634,-0.137670,-0.133420
0.938764,0.285875,-0.137613,-0.134386
0.935865,0.289760,-0.143928,-0.139568
0.936217,0.287685,-0.151868,-0.132935
0.931198,0.295572,-0.157551,-0.143821
0.927180,0.299112,-0.166826,-0.151779
0.924321,0.302180,-0.172075,-0.157178
0.921113,0.303793,-0.182000,-0.161664
0.919661,0.302500,-0.180499,-0.173596
0.922716,0.295415,-0.192150,-0.156213
0.923591,0.290067,-0.199269,-0.152092
0.924501,0.286157,-0.203039,-0.148954
0.925093,0.284318,-0.204393,-0.146937
0.925417,0.282972,-0.205733,-0.145614
0.926187,0.280660,-0.205820,-0.145071
0.926897,0.279476,-0.205410,-0.143393
0.924801,0.285547,-0.199724,-0.152696
0.925471,0.284459,-0.201502,-0.148260
0.926076,0.282986,-0.201895,-0.146761
0.926128,0.282941,-0.201633,-0.146881
0.929868,0.273595,-0.205254,-0.135507
0.930448,0.272187,-0.205202,-0.134431
0.930128,0.273121,-0.203057,-0.137964
0.929413,0.274774,-0.201387,-0.141896
0.931207,0.269940,-0.202429,-0.137877
0.933113,0.264421,-0.203618,-0.133870
0.933968,0.259822,-0.208344,-0.129565
0.937361,0.247559,-0.214654,-0.118289
0.938281,0.242893,-0.217874,-0.114725
0.941189,0.229392,-0.225248,-0.103954
0.944201,0.219535,-0.225683,-0.096732
0.947805,0.211279,-0.220736,-0.091112
0.951123,0.202248,-0.217198,-0.085352
0.954318,0.192202,-0.214564,-0.079360
0.958941,0.182597,-0.204984,-0.071225
0.961233,0.187404,-0.182958,-0.086240
0.962200,0.185204,-0.183273,-0.079260
0.964971,0.182779,-0.173012,-0.074094
0.966355,0.178577,-0.171374,-0.069996
0.968241,0.175460,-0.166976,-0.061969
0.970263,0.172344,-0.160279,-0.056549
0.971262,0.165867,-0.162365,-0.052677
0.973265,0.159511,-0.158153,-0.047948
0.975023,0.153038,-0.154979,-0.043489
0.976086,0.145452,-0.156279,-0.040969
0.978089,0.139239,-0.150516,-0.036047
0.978599,0.131962,-0.150814,-0.046744
0.981165,0.128405,-0.142294,-0.024067
0.982616,0.125477,-0.134685,-0.024116
0.983584,0.121760,-0.131831,-0.018907
0.983953,0.117313,-0.129638,-0.035589
0.985996,0.112767,-0.118959,-0.030722
0.986926,0.108113,-0.115960,-0.028982
0.987483,0.103865,-0.115916,-0.025550
0.988162,0.100080,-0.113495,-0.025259
0.991485,0.085838,-0.097620,-0.007666
0.991866,0.082575,-0.096564,-0.007549
0.993051,0.077839,-0.088170,-0.003843
0.993556,0.075726,-0.084114,-0.005955
0.994267,0.072626,-0.078422,-0.003015
0.993759,0.077878,-0.079067,-0.011187
0.994103,0.076506,-0.076403,-0.008143
0.994157,0.077218,-0.075137,-0.006574
0.994260,0.078236,-0.072810,-0.004755
0.994223,0.077581,-0.074103,-0.003213
0.994167,0.077532,-0.074882,-0.003478
0.994234,0.075471,-0.076085,-0.003639
0.994438,0.070653,-0.077963,0.004847
0.994545,0.065303,-0.079949,0.014932
0.994496,0.059139,-0.085435,0.013448
0.994155,0.052780,-0.093173,0.013707
0.993709,0.046506,-0.101837,-0.002947
0.993983,0.038299,-0.102607,-0.001947
0.993858,0.031644,-0.105989,-0.003288
0.994260,0.017507,-0.105544,0.000793
0.994814,0.024574,-0.098138,-0.010394
0.994631,-0.009577,-0.102552,0.009997
0.994751,-0.019939,-0.098437,0.019582
0.993222,-0.063758,-0.085192,0.046774
0.994015,-0.050918,-0.092756,0.027159
0.992338,-0.060662,-0.100763,0.037854
0.991288,-0.076694,-0.096472,0.046457
0.990398,-0.091156,-0.088940,0.053789
0.991241,-0.095110,-0.082581,0.039665
0.991733,-0.097799,-0.074960,0.035781
0.993233,-0.095966,-0.060120,0.025740
0.994223,-0.095511,-0.046036,0.016680
0.993936,-0.099594,-0.044528,0.013717
0.994638,-0.098081,-0.031974,0.007211
0.992479,-0.121752,-0.011046,0.006284
0.991933,-0.125736,-0.013195,0.009141
0.991921,-0.125565,-0.015267,0.009605
0.992070,-0.124997,-0.010818,0.007499
0.992232,-0.124006,-0.008699,0.004549
0.991941,-0.126117,-0.011708,0.002801
0.991110,-0.132363,-0.013258,0.002070
0.990345,-0.137611,-0.016373,0.003221
0.989329,-0.144271,-0.019381,0.006134
0.988061,-0.152350,-0.020841,0.009576
0.987021,-0.158500,-0.023129,0.011456
0.985648,-0.166564,-0.024235,0.012860
0.984273,-0.174391,-0.025240,0.012494
0.983608,-0.178077,-0.026794,0.009224
0.982941,-0.182242,-0.024349,0.004525
0.982209,-0.186083,-0.025161,0.001785
0.981326,-0.190849,-0.023937,-0.000553
0.980168,-0.197205,-0.019195,-0.003528
0.979368,-0.201283,-0.017190,-0.005251
0.978476,-0.205816,-0.013358,-0.006669
0.977610,-0.210164,-0.006154,-0.008395
0.977219,-0.211965,0.000460,-0.010569
0.976888,-0.213326,0.004159,-0.012834
0.976590,-0.214469,0.007821,-0.014573
0.976399,-0.215175,0.011308,-0.014685
0.976540,-0.214491,0.014126,-0.012722
0.976789,-0.213518,0.014337,-0.009290
0.976633,-0.214420,0.013156,-0.006263
0.978754,-0.204404,0.014313,-0.007390
0.981218,-0.191866,0.017596,-0.009396
0.981058,-0.192668,0.017946,-0.009099
0.976323,-0.215705,0.015781,-0.003848
0.977016,-0.212348,0.017309,-0.006797
0.977805,-0.208620,0.017520,-0.008105
0.973899,-0.226392,0.015939,-0.003516
0.973600,-0.227570,0.017171,-0.004357
0.973009,-0.230050,0.017540,-0.004560
0.972633,-0.231484,0.019182,-0.005541
0.972568,-0.231383,0.022422,-0.008432
0.972713,-0.230414,0.024690,-0.011325
0.973067,-0.228648,0.026330,-0.012887
0.973439,-0.226761,0.028457,-0.013624
0.973560,-0.225874,0.031114,-0.013894
0.973730,-0.224835,0.033379,-0.013568
0.974127,-0.222766,0.035833,-0.012961
0.974548,-0.220567,0.038217,-0.012011
0.975060,-0.217560,0.042238,-0.011903
0.975901,-0.212474,0.047863,-0.013436
0.977396,-0.204043,0.053113,-0.015550
0.979630,-0.191502,0.057755,-0.017775
0.981159,-0.182390,0.061077,-0.018189
0.986514,-0.143223,0.073703,-0.029065
0.984913,-0.160286,0.062567,-0.018427
0.988530,-0.130927,0.071173,-0.024497
0.989723,-0.126261,0.064582,-0.018295
0.989552,-0.131671,0.058427,-0.005998
0.991927,-0.125824,0.003079,-0.015480
0.992481,-0.122031,-0.002712,-0.008976
0.995163,-0.097737,0.008340,0.005194
0.995617,-0.089349,0.027085,0.005399
0.995852,-0.083116,0.036927,0.002667
0.997314,-0.068346,0.026085,0.003392
0.997811,-0.062216,0.022046,0.003986
0.998078,-0.056522,0.025283,0.002240
0.998573,-0.048997,0.021151,0.001430
0.997929,-0.060283,0.021791,0.005219
0.999002,-0.041962,0.014443,0.004948
0.999138,-0.039771,0.009890,0.006551
0.998472,-0.052038,0.009675,0.015863
0.998873,-0.044279,0.010730,0.013252
0.999132,-0.038356,0.009766,0.012927
0.999345,-0.032445,0.011053,0.011574
0.999920,-0.008942,0.007822,0.004535
0.999628,-0.022333,0.004425,0.014961
0.999785,-0.014766,0.003838,0.014033
0.999857,-0.009489,0.000207,0.013999
0.999911,-0.004729,0.001917,0.012306
0.999945,-0.000844,0.001923,0.010219
0.999968,0.004359,-0.000855,0.006632
0.999951,0.008994,0.000320,0.004024
0.999910,0.012939,0.003143,0.000808
0.999805,0.019659,-0.000504,-0.001326
0.999598,0.027366,-0.007102,-0.002003
0.999364,0.033966,-0.010634,-0.002036
0.998912,0.042522,-0.018869,-0.003192
0.998908,0.042675,-0.018587,0.003964
0.998720,0.045820,-0.021244,0.002391
0.997976,0.054279,-0.032197,-0.007749
0.997823,0.055147,-0.034609,-0.010372
0.997683,0.054830,-0.037724,-0.014112
0.997339,0.056033,-0.043452,-0.016903
0.997188,0.056334,-0.045323,-0.019682
0.996853,0.057065,-0.051113,-0.020351
0.996569,0.056358,-0.057090,-0.020348
0.996443,0.054851,-0.060991,-0.019310
0.996271,0.052868,-0.066063,-0.016878
0.996113,0.050420,-0.070368,-0.016209
0.996015,0.047765,-0.073259,-0.017492
0.996612,0.040155,-0.071655,-0.004022
0.997186,0.032461,-0.066662,0.011067
0.997220,0.029427,-0.067616,0.010690
0.996164,0.034667,-0.078876,-0.015272
0.996299,0.032387,-0.078729,-0.011831
0.996316,0.031093,-0.079097,-0.011347
0.996610,0.029768,-0.076295,-0.007834
0.996918,0.028209,-0.073059,-0.004487
0.997087,0.026595,-0.071400,-0.003361
0.997403,0.024573,-0.067678,-0.001034
0.997621,0.022648,-0.065109,0.000379
0.997670,0.021477,-0.064742,0.000540
0.997790,0.020284,-0.063232,0.002063
0.997813,0.019485,-0.063094,0.002766
0.997818,0.018981,-0.063140,0.003576
0.997858,0.018583,-0.062525,0.004944
0.997835,0.017816,-0.063040,0.005731
0.997867,0.017401,-0.062550,0.006725
0.997928,0.016948,-0.061602,0.007519
0.997963,0.016418,-0.061118,0.008056
0.997986,0.015745,-0.060785,0.009047
0.998062,0.015157,-0.059468,0.010301
0.998088,0.014666,-0.058889,0.011634
0.998025,0.014523,-0.059638,0.013355
0.998020,0.013854,-0.059397,0.015399
0.997955,0.014166,-0.059869,0.017328
0.997865,0.015301,-0.060215,0.020122
0.997860,0.016780,-0.059746,0.020585
0.997211,0.017772,-0.056989,0.044786
0.997381,0.016917,-0.053435,0.045706
0.997767,0.015467,-0.048768,0.042922
0.997694,0.020399,-0.051493,0.039211
0.997959,0.016957,-0.047036,0.039714
0.998107,0.015190,-0.043054,0.041192
0.998211,0.013733,-0.039172,0.043033
0.998237,0.011139,-0.036510,0.045432
0.998098,0.012822,-0.033602,0.050052
0.998069,0.015649,-0.029011,0.052644
0.998104,0.017697,-0.022837,0.054357
0.997884,0.045595,-0.013488,0.044330
0.997762,0.056729,-0.001394,0.035381
0.998010,0.028940,0.004454,0.055847
0.997145,0.008540,0.011068,0.074207
0.997942,0.026575,0.010775,0.057367
0.997932,0.043166,0.017435,0.044337
0.997745,0.044878,0.019656,0.045861
0.997230,0.046777,0.025323,0.051979
0.997084,0.052061,0.020576,0.051856
0.994931,0.047879,0.035696,0.080901
0.996551,0.045609,0.030281,0.062373
0.995530,0.071991,0.040825,0.045481
0.995419,0.069735,0.048474,0.043899
0.995050,0.074972,0.057814,0.030197
0.996573,0.045752,0.057697,0.037679
0.996888,0.042833,0.058791,0.030351
0.998340,0.034180,0.045796,-0.007185
0.998496,0.034271,0.040520,-0.013802
0.998692,0.034941,0.031295,-0.020299
0.998679,0.036899,0.018982,-0.030292
0.998667,0.036783,0.011206,-0.034423
0.998683,0.035975,0.009467,-0.035315
0.999159,0.040653,-0.000268,-0.005141
0.996836,0.075549,0.020985,-0.013006
0.996660,0.024590,0.037227,0.068405
0.997072,0.073452,0.020900,-0.003878
nan,nan,nan,nan
nan,nan,nan,nan
0.997576,0.039443,-0.006986,0.056897
0.997313,0.030931,-0.010018,0.065641
0.997329,0.031335,-0.006556,0.065656
0.997834,0.020674,-0.006660,0.062084
0.997940,0.015105,-0.009515,0.061615
0.998125,0.004509,-0.015249,0.059110
0.998385,-0.004499,-0.018320,0.053581
0.998003,0.000898,-0.024385,0.058259
0.998166,-0.015562,-0.025348,0.052707
0.998200,-0.023963,-0.025917,0.048490
0.997991,-0.033627,-0.024752,0.047645
0.997927,-0.030834,-0.026132,0.050071
0.997945,-0.041620,-0.022139,0.043386
0.997817,-0.053775,-0.016720,0.034494
0.997937,-0.053352,-0.014109,0.032783
0.997662,-0.061636,-0.012222,0.026842
0.997565,-0.064515,-0.011233,0.023982
0.997525,-0.065106,-0.012013,0.023663
0.997397,-0.067547,-0.011763,0.022290
0.997331,-0.068441,-0.012451,0.022170
0.997293,-0.069156,-0.012655,0.021518
0.997247,-0.070483,-0.011894,0.019720
0.997221,-0.071396,-0.011225,0.018059
0.997188,-0.072559,-0.010310,0.015678
0.997242,-0.072350,-0.009585,0.013504
0.997432,-0.070099,-0.008721,0.011819
0.997613,-0.067894,-0.007313,0.010188
0.997743,-0.066356,-0.006578,0.007847
0.997818,-0.065343,-0.006147,0.007155
0.997844,-0.064950,-0.005795,0.007456
0.997856,-0.064588,-0.007758,0.006981
0.997903,-0.063829,-0.009567,0.004828
0.997936,-0.062933,-0.011436,0.005638
0.997953,-0.061946,-0.013935,0.007478
0.997966,-0.061210,-0.015154,0.009232
0.998018,-0.059465,-0.016399,0.012353
0.998141,-0.056982,-0.018216,0.011587
0.998184,-0.056327,-0.018500,0.010618
0.998246,-0.055751,-0.019610,0.003440
0.998190,-0.055721,-0.022480,0.002621
0.998795,-0.045874,-0.014135,-0.010119
0.998383,-0.051870,-0.022612,-0.005312
0.998390,-0.050517,-0.023665,-0.010182
0.998469,-0.048313,-0.021070,-0.016806
0.998638,-0.043219,-0.015055,-0.025017
0.998421,-0.044325,-0.017097,-0.029970
0.998423,-0.042861,-0.017155,-0.031939
0.998061,-0.045805,-0.019962,-0.037112
0.998026,-0.043510,-0.020301,-0.040480
0.998359,-0.033670,-0.012047,-0.044722
0.998411,-0.028447,-0.008920,-0.047811
0.998213,-0.028168,-0.010078,-0.051711
0.997899,-0.027722,-0.011142,-0.057485
0.997815,-0.025272,-0.011268,-0.059992
0.998014,-0.021431,-0.011302,-0.058138
0.998230,-0.016920,-0.012668,-0.055589
0.998245,-0.013018,-0.014702,-0.055853
0.998169,-0.010614,-0.015564,-0.057470
0.998413,-0.007936,-0.015816,-0.053456
0.998519,-0.007191,-0.015129,-0.051744
0.998308,-0.008618,-0.016658,-0.055023
0.998731,-0.014046,0.008199,-0.047667
0.998264,-0.019569,-0.008836,-0.054857
0.998061,-0.022001,-0.007172,-0.057781
0.998086,-0.020824,-0.008217,-0.057645
0.997769,-0.018857,-0.008484,-0.063464
0.997888,-0.013642,-0.011659,-0.062420
0.998026,-0.003963,-0.007611,-0.062213
0.998917,-0.025547,-0.005887,-0.038435
0.999115,-0.015495,-0.007966,-0.038261
0.999135,-0.011847,-0.009292,-0.038760
0.999137,-0.022984,-0.021392,-0.027197
0.999169,-0.018140,-0.027908,-0.023554
0.998418,-0.002232,-0.035809,-0.043279
0.998052,0.009774,-0.028046,-0.054871
0.999226,0.000286,-0.023874,-0.031228
0.998014,0.011982,-0.035272,-0.050793
0.998083,0.012298,-0.035376,-0.049270
0.999195,0.004855,-0.029091,-0.027192
0.998068,0.015902,-0.042618,-0.042307
0.997175,0.021157,-0.050118,-0.051793
0.997160,0.022074,-0.053815,-0.047845
0.997007,0.023294,-0.058768,-0.044498
0.996716,0.026719,-0.059938,-0.047446
0.996266,0.007961,-0.082752,-0.023311
0.995789,0.001140,-0.089426,-0.020159
0.995786,-0.000096,-0.088498,-0.024070
0.995739,-0.004410,-0.090012,-0.019506
0.995582,-0.008103,-0.091396,-0.019918
0.995107,-0.010878,-0.095059,-0.024606
0.994719,-0.013784,-0.098451,-0.025527
0.994412,-0.015712,-0.101698,-0.023581
0.993832,-0.016040,-0.106934,-0.024620
0.993681,-0.014815,-0.109213,-0.021272
0.993385,-0.015153,-0.112557,-0.016951
0.993006,-0.016139,-0.115642,-0.017412
0.992919,-0.019904,-0.116705,-0.009711
0.992859,-0.022625,-0.116887,-0.007439
0.992933,-0.025519,-0.115758,-0.005720
0.992958,-0.030598,-0.114428,0.001960
0.992885,-0.033226,-0.114273,0.003905
0.992909,-0.035563,-0.113125,0.008275
0.992911,-0.037261,-0.112022,0.013778
0.992707,-0.037338,-0.113700,0.014491
0.992591,-0.036906,-0.114259,0.018585
0.992457,-0.036873,-0.114938,0.021411
0.992340,-0.036999,-0.115941,0.021175
0.992213,-0.038042,-0.116255,0.023449
0.992111,-0.040346,-0.116162,0.024335
0.991784,-0.043326,-0.118341,0.021976
0.991537,-0.045471,-0.120054,0.019310
0.991363,-0.047689,-0.120782,0.018368
0.991263,-0.049442,-0.121107,0.016896
0.991336,-0.051310,-0.119706,0.017040
0.991435,-0.053910,-0.117448,0.018822
0.991520,-0.055987,-0.115624,0.019649
0.991657,-0.058045,-0.112795,0.022868
0.991604,-0.058796,-0.112331,0.025385
0.991313,-0.055642,-0.116795,0.023703
0.991335,-0.056202,-0.115312,0.028216
0.991313,-0.056301,-0.115204,0.029272
0.991685,-0.060442,-0.108626,0.033254
0.991856,-0.061299,-0.106347,0.033973
0.992003,-0.063566,-0.103634,0.033897
0.992144,-0.065869,-0.100625,0.034429
0.992297,-0.067404,-0.097234,0.036696
0.992329,-0.068240,-0.095189,0.039566
0.992424,-0.066988,-0.093701,0.042753
0.992534,-0.064174,-0.093184,0.045541
0.992670,-0.065111,-0.087237,0.052493
0.992746,-0.063908,-0.084635,0.056640
0.992792,-0.062221,-0.082230,0.061081
0.992687,-0.060741,-0.080779,0.065993
0.992545,-0.059059,-0.079826,0.070655
0.992622,-0.055449,-0.078013,0.074428
0.992613,-0.052081,-0.074720,0.080144
0.992462,-0.049324,-0.071345,0.086575
0.992616,-0.045195,-0.066786,0.090603
0.992057,-0.043980,-0.062625,0.099838
0.991668,-0.044350,-0.059662,0.105192
0.991285,-0.043554,-0.057894,0.110018
0.990380,-0.042380,-0.057135,0.118684
0.990875,-0.037520,-0.056507,0.116472
0.993005,-0.016617,-0.044307,0.108165
0.992381,-0.018552,-0.046611,0.112524
0.992824,-0.017162,-0.048373,0.108013
0.993518,-0.018799,-0.047772,0.101413
0.993374,-0.019560,-0.047535,0.102792
0.992488,-0.025740,-0.039930,0.112742
0.993409,-0.027455,-0.040976,0.103468
0.994060,-0.023420,-0.043810,0.096839
0.994107,-0.025215,-0.044438,0.095599
0.994115,-0.026146,-0.043627,0.095644
0.993972,-0.025406,-0.044723,0.096815
0.991874,-0.035520,-0.038337,0.115992
0.993292,-0.014482,-0.052780,0.101856
0.992966,-0.012462,-0.056741,0.103165
0.993859,-0.011836,-0.055388,0.095064
0.993633,-0.013895,-0.054690,0.097515
0.993976,-0.019099,-0.054739,0.093003
0.994880,-0.024026,-0.054397,0.081705
0.995165,-0.027366,-0.054183,0.077217
0.996112,-0.032520,-0.053298,0.062140
0.996721,-0.037009,-0.052006,0.049723
0.996970,-0.039553,-0.050812,0.043646
0.997414,-0.042029,-0.049693,0.030480
0.997645,-0.042089,-0.048872,0.023283
0.997601,-0.041551,-0.049917,0.023914
0.997565,-0.040216,-0.051070,0.025292
0.997524,-0.038922,-0.051817,0.027311
0.997333,-0.039035,-0.053116,0.031312
0.997110,-0.040540,-0.053655,0.035343
0.997031,-0.042764,-0.052166,0.037115
0.996962,-0.045664,-0.050632,0.037642
0.996971,-0.049551,-0.048580,0.035108
0.997045,-0.052153,-0.046599,0.031751
0.997189,-0.052140,-0.045384,0.028891
0.997441,-0.052055,-0.043081,0.023385
0.997599,-0.051443,-0.041691,0.020277
0.997675,-0.050651,-0.041300,0.019301
0.997799,-0.049954,-0.040114,0.017065
0.997777,-0.050376,-0.040243,0.016830
0.997741,-0.050413,-0.041011,0.017001
0.997725,-0.050151,-0.041854,0.016578
0.997724,-0.049493,-0.042607,0.016737
0.997721,-0.048986,-0.043226,0.016798
0.997745,-0.048486,-0.043412,0.016460
0.997747,-0.048814,-0.043102,0.016087
0.997734,-0.049852,-0.042394,0.015569
0.997710,-0.051419,-0.041311,0.014986
0.997698,-0.053157,-0.039609,0.014290
0.997710,-0.054818,-0.037355,0.013154
0.997731,-0.057962,-0.032539,0.010723
0.997793,-0.060936,-0.025508,0.006689
0.997778,-0.064392,-0.017046,0.001646
0.997629,-0.068376,-0.006328,-0.004487
0.997377,-0.071575,0.003788,-0.010002
0.997003,-0.074202,0.014827,-0.016090
0.996347,-0.074683,0.036466,-0.019651
0.994362,-0.089859,0.054749,-0.013085
0.994133,-0.090130,0.059060,-0.009283
0.993495,-0.087969,0.071335,-0.011806
0.992140,-0.097900,0.077308,-0.009754
0.993152,-0.075654,0.087958,-0.013792
0.990299,-0.096580,0.098524,-0.016556
0.990250,-0.083875,0.108382,-0.024966
0.992010,-0.072965,0.102161,-0.012502
0.991743,-0.065469,0.108327,-0.020592
0.989631,-0.048305,0.130185,-0.036733
0.984882,0.011670,0.153796,-0.078848
0.988189,-0.018664,0.136170,-0.067761
0.987399,-0.020774,0.141363,-0.068021
0.987228,-0.009388,0.144576,-0.066259
0.988311,-0.008067,0.144170,-0.048897
0.986772,-0.002916,0.151592,-0.057371
0.985651,0.008291,0.157159,-0.061013
0.984859,0.017480,0.152058,-0.081388
0.983389,0.022514,0.156399,-0.089317
0.981781,0.032013,0.159493,-0.098189
0.980261,0.032949,0.165340,-0.103268
0.978421,0.037187,0.170525,-0.110588
0.976648,0.039419,0.174911,-0.118358
0.975012,0.036980,0.180443,-0.124192
0.973634,0.041902,0.182390,-0.130438
0.972184,0.047069,0.185340,-0.135250
0.970431,0.044851,0.191869,-0.139417
0.968042,0.046673,0.198596,-0.145859
0.965161,0.052818,0.205284,-0.153404
0.962074,0.049088,0.215371,-0.160053
0.957965,0.048535,0.225533,-0.170532
0.954428,0.052760,0.231471,-0.180844
0.950877,0.049110,0.239294,-0.190156
0.947141,0.053151,0.243176,-0.202397
0.943730,0.057507,0.245594,-0.213893
0.940283,0.055667,0.250672,-0.223455
0.936386,0.063005,0.252509,-0.235482
0.932180,0.064899,0.258372,-0.245098
0.930516,0.063327,0.255043,-0.255114
0.928688,0.069069,0.244723,-0.269961
0.921258,0.069507,0.265055,-0.276038
0.918370,0.069610,0.258915,-0.291055
0.912926,0.074075,0.259488,-0.306177
0.907773,0.068713,0.264217,-0.318458
0.901993,0.072776,0.264593,-0.333321
0.896303,0.081176,0.263928,-0.346975
0.895899,0.087320,0.255314,-0.352921
0.890174,0.089254,0.265213,-0.359565
0.886475,0.102875,0.264281,-0.365695
0.882825,0.110291,0.263234,-0.373046
0.879680,0.110293,0.265023,-0.379157
0.875540,0.115472,0.263355,-0.388254
0.872229,0.113156,0.265089,-0.395146
0.869046,0.109188,0.266942,-0.401970
0.866281,0.109327,0.264703,-0.409314
0.864820,0.107186,0.262470,-0.414374
0.862511,0.111455,0.258716,-0.420377
0.860317,0.117114,0.255270,-0.425411
0.859437,0.121219,0.252810,-0.427504
0.858011,0.126252,0.245710,-0.433015
0.857062,0.131063,0.240693,-0.436272
0.856729,0.133751,0.235936,-0.438703
0.854290,0.139734,0.238869,-0.440004
0.856060,0.140109,0.230149,-0.441093
0.858876,0.141744,0.217391,-0.441568
0.861412,0.145744,0.205001,-0.441248
0.863041,0.149552,0.204637,-0.436942
0.864746,0.152841,0.203323,-0.433026
0.865458,0.157852,0.207183,-0.427948
0.864140,0.163983,0.221126,-0.421275
0.866624,0.168670,0.221865,-0.413869
0.869049,0.171325,0.225599,-0.405594
0.872381,0.174962,0.225637,-0.396769
0.876367,0.177279,0.223367,-0.388149
0.879689,0.177017,0.227305,-0.378344
0.883093,0.176702,0.224554,-0.372155
0.886717,0.174802,0.221088,-0.366464
0.889348,0.173938,0.224405,-0.358397
0.892046,0.179813,0.224997,-0.348276
0.896798,0.181944,0.224819,-0.334821
0.900557,0.186550,0.224882,-0.321905
0.905734,0.196385,0.217328,-0.306343
0.908487,0.202034,0.226090,-0.287606
0.914609,0.205422,0.223967,-0.266704
0.919911,0.213280,0.218761,-0.245804
0.925484,0.218292,0.213522,-0.224134
0.932921,0.207295,0.213020,-0.203244
0.938292,0.202232,0.210739,-0.185198
0.944219,0.190677,0.208854,-0.168737
0.952103,0.165664,0.206389,-0.153162
0.957175,0.153861,0.205810,-0.133351
0.963536,0.133101,0.203285,-0.112058
0.967860,0.125179,0.185750,-0.114344
0.971406,0.131485,0.171554,-0.098242
0.975685,0.126579,0.157653,-0.084616
0.979568,0.129082,0.139062,-0.066684
0.978877,0.133739,0.139357,-0.067027
0.985097,0.129273,0.106399,-0.039396
0.984385,0.123089,0.124268,-0.019790
0.987570,0.120055,0.100153,-0.016161
0.990432,0.113645,0.076276,-0.017607
0.992063,0.108725,0.062788,-0.006895
0.991837,0.120770,0.039440,-0.010843
0.995100,0.096741,0.019399,-0.006356
0.995695,0.092661,-0.001888,-0.001350
0.995044,0.096747,-0.022642,0.004104
0.995135,0.086154,-0.046725,0.010049
0.994220,0.080097,-0.070027,0.014378
0.992670,0.054106,-0.101440,0.037274
0.990622,0.043006,-0.124378,0.036713
0.987703,0.040378,-0.146355,0.037306
0.984744,0.037801,-0.166062,0.035712
0.981772,0.019653,-0.186174,0.032817
0.978453,0.017901,-0.202953,0.033438
0.976256,0.014898,-0.215060,0.021249
0.972383,-0.001428,-0.232485,0.020447
0.967555,-0.010304,-0.251038,0.026621
0.962785,-0.025287,-0.268184,0.021971
0.958035,-0.030870,-0.284444,0.017509
0.953237,-0.030318,-0.300402,0.013258
0.946844,-0.041364,-0.318951,0.006748
0.941979,-0.038449,-0.333457,0.001606
0.936239,-0.040525,-0.348988,-0.004686
0.930238,-0.053241,-0.362708,-0.016234
0.925851,-0.058592,-0.372355,-0.026769
0.917188,-0.055647,-0.391998,-0.044793
0.909135,-0.064417,-0.407197,-0.059271
0.905687,-0.077327,-0.411030,-0.069324
0.900653,-0.095344,-0.419696,-0.059907
0.895279,-0.104706,-0.427447,-0.069295
0.892190,-0.123570,-0.428524,-0.071367
0.901530,-0.046803,-0.428226,-0.040925
-0.885091,0.155520,0.432410,0.073806
-0.886169,0.136819,0.436882,0.071539
-0.882263,0.164214,0.435246,0.072164
-0.881738,0.159609,0.437892,0.072890
-0.880300,0.157191,0.441296,0.074965
-0.877807,0.154848,0.446135,0.080250
-0.877432,0.149660,0.448022,0.083614
-0.877079,0.146233,0.449266,0.086646
-0.877463,0.144183,0.448267,0.091245
-0.877724,0.144110,0.447461,0.092799
-0.877605,0.147774,0.446278,0.093849
-0.876835,0.154668,0.444780,0.096997
-0.876496,0.161002,0.442841,0.098620
-0.873656,0.169339,0.445390,0.098373
-0.894339,0.147563,0.411094,0.096861
-0.897819,0.146699,0.403733,0.096950
-0.876313,0.180453,0.435372,0.099810
-0.881049,0.177811,0.427181,0.098244
-0.874576,0.186033,0.436735,0.098855
-0.914992,0.148169,0.364097,0.090923
-0.883250,0.174024,0.422513,0.105200
-0.889459,0.178590,0.408994,0.098450
-0.894406,0.192749,0.395865,0.078581
-0.898446,0.193114,0.386065,0.080341
-0.898874,0.204619,0.380846,0.071503
-0.902133,0.210452,0.370455,0.068043
-0.900490,0.230838,0.361865,0.069895
0.907740,-0.223664,-0.350148,-0.058126
0.910561,-0.230213,-0.338995,-0.054428
0.920020,-0.215305,-0.324577,-0.043108
0.921757,-0.224977,-0.313032,-0.041944
0.924577,-0.230254,-0.300922,-0.039825
0.927353,-0.234010,-0.290013,-0.033883
0.936026,-0.221709,-0.270187,-0.041224
0.944529,-0.206653,-0.252395,-0.038155
0.949406,-0.202499,-0.238261,-0.029247
0.945628,-0.223110,-0.236391,-0.011326
0.949905,-0.221094,-0.220721,-0.008747
0.957942,-0.209697,-0.195691,-0.008885
0.961768,-0.209200,-0.176467,-0.009763
0.965609,-0.203070,-0.162287,-0.004889
0.966894,-0.201402,-0.156465,0.008489
0.969118,-0.198497,-0.145974,0.010042
0.973568,-0.182844,-0.135999,0.015397
0.975614,-0.175976,-0.129471,0.021120
0.983667,-0.138226,-0.115148,0.005780
0.980368,-0.153351,-0.120948,0.027093
0.984429,-0.146172,-0.095891,0.018344
0.987639,-0.134777,-0.079459,0.009507
0.989478,-0.120687,-0.079275,0.009092
0.990287,-0.121496,-0.067285,0.006429
0.990772,-0.121321,-0.060321,0.003528
0.992063,-0.116707,-0.046697,-0.002627
0.993272,-0.104452,-0.049991,0.001178
0.993860,-0.100330,-0.046648,0.000417
0.994628,-0.096078,-0.038518,0.000441
0.995217,-0.093108,-0.029506,-0.000668
0.995289,-0.094348,-0.022134,-0.002657
0.996091,-0.087011,-0.014827,-0.003027
0.995920,-0.090079,-0.004393,-0.002765
0.996287,-0.086061,0.001370,-0.001975
0.997111,-0.075720,0.006059,-0.000119
0.997319,-0.072580,0.009302,0.000700
0.997818,-0.064795,0.012551,0.001788
0.998247,-0.056864,0.016070,0.003271
0.998325,-0.054756,0.018345,0.003179
0.997165,-0.062597,0.031900,0.026926
0.998588,-0.045543,0.024292,0.012585
0.999344,-0.031846,0.017141,-0.002249
0.999536,-0.025885,0.016062,0.000303
0.999707,-0.019933,0.013709,0.000330
0.999799,-0.016381,0.011598,-0.000585
0.999490,-0.026123,0.013742,0.012271
0.998768,-0.033409,0.022705,0.028818
0.999809,-0.017611,0.006675,0.005160
0.999865,-0.015607,0.003798,0.003212
0.999857,-0.016263,0.002738,0.003650
0.999824,-0.017775,0.003467,0.004637
0.999740,-0.021720,0.004022,0.005512
0.999665,-0.024825,0.004650,0.005754
0.999620,-0.026576,0.004907,0.005378
0.999565,-0.028642,0.004558,0.005264
0.999573,-0.028487,0.004011,0.005069
0.999630,-0.026558,0.003214,0.004832
0.999681,-0.024682,0.001831,0.004949
0.999736,-0.022337,0.000328,0.005422
0.999779,-0.020104,-0.000957,0.005976
0.999803,-0.018657,-0.002360,0.006366
0.999808,-0.018294,-0.003226,0.006195
0.999785,-0.019491,-0.003586,0.006048
0.999757,-0.021166,-0.003170,0.005326
0.999700,-0.023681,-0.003142,0.005370
0.999650,-0.025593,-0.003378,0.005737
0.999605,-0.027249,-0.003515,0.005882
0.999574,-0.028195,-0.003717,0.006533
0.999591,-0.027436,-0.003880,0.006948
0.999598,-0.026999,-0.004628,0.007205
0.999619,-0.026111,-0.005094,0.007264
0.999633,-0.025532,-0.005595,0.007082
0.999651,-0.024817,-0.005937,0.006820
0.999652,-0.024630,-0.006365,0.006931
0.999659,-0.024379,-0.006711,0.006469
0.999657,-0.024451,-0.006880,0.006448
0.999638,-0.025064,-0.006867,0.006827
0.999627,-0.025659,-0.006513,0.006529
0.999604,-0.026518,-0.006575,0.006725
0.999567,-0.027775,-0.006730,0.007001
0.999500,-0.029989,-0.006760,0.007301
0.999486,-0.030134,-0.007346,0.008032
0.999493,-0.029893,-0.007471,0.008076
0.999484,-0.030242,-0.007297,0.007956
0.999482,-0.030356,-0.007327,0.007782
0.999476,-0.030475,-0.007411,0.007982
0.999733,-0.022420,-0.004650,0.003198
0.999833,-0.017942,-0.003370,0.000761
0.999829,-0.018048,-0.003817,0.001292
0.999808,-0.019069,-0.003988,0.001949
0.999573,-0.027728,-0.006334,0.006560
0.999609,-0.026679,-0.005733,0.006081
0.999586,-0.027397,-0.005897,0.006393
0.999586,-0.027318,-0.006066,0.006468
0.999580,-0.027583,-0.006236,0.006323
0.999581,-0.027533,-0.006567,0.005951
0.999576,-0.027639,-0.006665,0.006165
0.999582,-0.027467,-0.006678,0.006091
0.999578,-0.027550,-0.006995,0.006006
0.999573,-0.027686,-0.007120,0.006003
0.999570,-0.027737,-0.007415,0.005798
0.999565,-0.027868,-0.007701,0.005741
0.999557,-0.028045,-0.008106,0.005749
0.999546,-0.028489,-0.008163,0.005488
0.999540,-0.028628,-0.008427,0.005287
0.999546,-0.028419,-0.008690,0.004821
0.999531,-0.028712,-0.009346,0.004944
0.999504,-0.029332,-0.010171,0.005300
0.999546,-0.027945,-0.010361,0.004398
0.999574,-0.026963,-0.010387,0.003901
0.999580,-0.027179,-0.009443,0.003328
0.999630,-0.022045,-0.015078,0.005050
0.999608,-0.020594,-0.017889,0.006088
0.999594,-0.021173,-0.018003,0.006211
0.999588,-0.021476,-0.017950,0.006224
0.999583,-0.021930,-0.017646,0.006355
0.999586,-0.022038,-0.017502,0.005995
0.999573,-0.021993,-0.018218,0.006244
0.999638,-0.024528,-0.010599,0.003230
0.999634,-0.024408,-0.011148,0.003466
0.999614,-0.025647,-0.010062,0.003479
0.999556,-0.024345,-0.015769,0.006712
0.999484,-0.023535,-0.019901,0.009077
0.999506,-0.028691,-0.011429,0.005829
0.999469,-0.024749,-0.019024,0.009331
0.999461,-0.026137,-0.017732,0.008912
0.999457,-0.026388,-0.017552,0.008954
0.999451,-0.026793,-0.017256,0.009017
0.999454,-0.026564,-0.017457,0.008985
0.999468,-0.025899,-0.017680,0.009007
0.999475,-0.025497,-0.017804,0.009049
0.999485,-0.024652,-0.018341,0.009136
